-- MySQL Script generated by MySQL Workbench
-- 01/12/15 11:36:25
-- Model: New Model    Version: 1.0
-- MySQL Workbench Forward Engineering

SET @OLD_UNIQUE_CHECKS=@@UNIQUE_CHECKS, UNIQUE_CHECKS=0;
SET @OLD_FOREIGN_KEY_CHECKS=@@FOREIGN_KEY_CHECKS, FOREIGN_KEY_CHECKS=0;
SET @OLD_SQL_MODE=@@SQL_MODE, SQL_MODE='TRADITIONAL,ALLOW_INVALID_DATES';

-- -----------------------------------------------------
-- Schema pinchosdb
-- -----------------------------------------------------
DROP SCHEMA IF EXISTS `pinchosdb` ;

-- -----------------------------------------------------
-- Schema pinchosdb
-- -----------------------------------------------------
CREATE SCHEMA IF NOT EXISTS `pinchosdb` DEFAULT CHARACTER SET utf8 COLLATE utf8_general_ci ;
USE `pinchosdb` ;

-- -----------------------------------------------------
-- Table `pinchosdb`.`usuario`
-- -----------------------------------------------------
DROP TABLE IF EXISTS `pinchosdb`.`usuario` ;

CREATE TABLE IF NOT EXISTS `pinchosdb`.`usuario` (
  `email` VARCHAR(48) NOT NULL,
  `password` CHAR(40) NOT NULL,
  UNIQUE INDEX `email_UNIQUE` (`email` ASC),
  PRIMARY KEY (`email`))
ENGINE = InnoDB;


-- -----------------------------------------------------
-- Table `pinchosdb`.`usuario_participante`
-- -----------------------------------------------------
DROP TABLE IF EXISTS `pinchosdb`.`usuario_participante` ;

CREATE TABLE IF NOT EXISTS `pinchosdb`.`usuario_participante` (
  `id` VARCHAR(48) NOT NULL,
  `nombre` VARCHAR(64) NOT NULL,
  `direccion` VARCHAR(512) NOT NULL,
  PRIMARY KEY (`id`),
  CONSTRAINT `fk_up_email`
    FOREIGN KEY (`id`)
    REFERENCES `pinchosdb`.`usuario` (`email`)
    ON DELETE CASCADE
    ON UPDATE CASCADE)
ENGINE = InnoDB;


-- -----------------------------------------------------
-- Table `pinchosdb`.`usuario_jurado_popular`
-- -----------------------------------------------------
DROP TABLE IF EXISTS `pinchosdb`.`usuario_jurado_popular` ;

CREATE TABLE IF NOT EXISTS `pinchosdb`.`usuario_jurado_popular` (
  `id` VARCHAR(48) NOT NULL,
  PRIMARY KEY (`id`),
  UNIQUE INDEX `id_UNIQUE` (`id` ASC),
  CONSTRAINT `fk_ujpemail`
    FOREIGN KEY (`id`)
    REFERENCES `pinchosdb`.`usuario` (`email`)
    ON DELETE CASCADE
    ON UPDATE CASCADE)
ENGINE = InnoDB;


-- -----------------------------------------------------
-- Table `pinchosdb`.`usuario_jurado_profesional`
-- -----------------------------------------------------
DROP TABLE IF EXISTS `pinchosdb`.`usuario_jurado_profesional` ;

CREATE TABLE IF NOT EXISTS `pinchosdb`.`usuario_jurado_profesional` (
  `id` VARCHAR(48) NOT NULL,
  `nombre` VARCHAR(32) NOT NULL,
  `apellidos` VARCHAR(64) NOT NULL,
  PRIMARY KEY (`id`),
  UNIQUE INDEX `id_UNIQUE` (`id` ASC),
  CONSTRAINT `fk_uje_email`
    FOREIGN KEY (`id`)
    REFERENCES `pinchosdb`.`usuario` (`email`)
    ON DELETE RESTRICT
    ON UPDATE CASCADE)
ENGINE = InnoDB;


-- -----------------------------------------------------
-- Table `pinchosdb`.`usuario_organizador`
-- -----------------------------------------------------
DROP TABLE IF EXISTS `pinchosdb`.`usuario_organizador` ;

CREATE TABLE IF NOT EXISTS `pinchosdb`.`usuario_organizador` (
  `id` VARCHAR(48) NOT NULL,
  `nombre` VARCHAR(32) NOT NULL,
  `apellidos` VARCHAR(64) NOT NULL,
  PRIMARY KEY (`id`),
  CONSTRAINT `fk_uo_email`
    FOREIGN KEY (`id`)
    REFERENCES `pinchosdb`.`usuario` (`email`)
    ON DELETE CASCADE
    ON UPDATE CASCADE)
ENGINE = InnoDB;


-- -----------------------------------------------------
-- Table `pinchosdb`.`concursos`
-- -----------------------------------------------------
DROP TABLE IF EXISTS `pinchosdb`.`concursos` ;

CREATE TABLE IF NOT EXISTS `pinchosdb`.`concursos` (
  `id` INT NOT NULL,
  `nombre` VARCHAR(64) NOT NULL,
  `fecha` DATETIME NOT NULL,
  `descripcion` TEXT NOT NULL,
  `bases` TEXT NOT NULL,
  PRIMARY KEY (`id`))
ENGINE = InnoDB;


-- -----------------------------------------------------
-- Table `pinchosdb`.`agenda`
-- -----------------------------------------------------
DROP TABLE IF EXISTS `pinchosdb`.`agenda` ;

CREATE TABLE IF NOT EXISTS `pinchosdb`.`agenda` (
  `id` INT NOT NULL,
  `id_concurso` INT NOT NULL,
  `id_editor` VARCHAR(48) NOT NULL,
  `nombre` VARCHAR(64) NOT NULL,
  `descripcion` VARCHAR(512) NULL,
  `fecha_inicio` DATETIME NOT NULL,
  `fecha_fin` DATETIME NULL,
  PRIMARY KEY (`id`),
  INDEX `fk_ac_id_idx` (`id_concurso` ASC),
  INDEX `fk_auorganizador_id_idx` (`id_editor` ASC),
  CONSTRAINT `fk_aconcurso_id`
    FOREIGN KEY (`id_concurso`)
    REFERENCES `pinchosdb`.`concursos` (`id`)
    ON DELETE CASCADE
    ON UPDATE CASCADE,
  CONSTRAINT `fk_auorganizador_id`
    FOREIGN KEY (`id_editor`)
    REFERENCES `pinchosdb`.`usuario_organizador` (`id`)
    ON DELETE RESTRICT
    ON UPDATE CASCADE)
ENGINE = InnoDB;


-- -----------------------------------------------------
-- Table `pinchosdb`.`premios`
-- -----------------------------------------------------
DROP TABLE IF EXISTS `pinchosdb`.`premios` ;

CREATE TABLE IF NOT EXISTS `pinchosdb`.`premios` (
  `id` INT NOT NULL,
  `id_concurso` INT NOT NULL,
  `id_editor` VARCHAR(48) NOT NULL,
  `nombre` VARCHAR(64) NOT NULL,
  `descripcion` VARCHAR(512) NULL,
  `ganador` VARCHAR(48) NULL,
  PRIMARY KEY (`id`),
  INDEX `fk_pc_id_idx` (`id_concurso` ASC),
  INDEX `fk_uorganizador_id_idx` (`id_editor` ASC),
  INDEX `fk_gusuario_id_idx` (`ganador` ASC),
  CONSTRAINT `fk_pconcurso_id`
    FOREIGN KEY (`id_concurso`)
    REFERENCES `pinchosdb`.`concursos` (`id`)
    ON DELETE CASCADE
    ON UPDATE CASCADE,
  CONSTRAINT `fk_gusuario_id`
    FOREIGN KEY (`ganador`)
    REFERENCES `pinchosdb`.`usuario_participante` (`id`)
    ON DELETE RESTRICT
    ON UPDATE CASCADE,
  CONSTRAINT `fk_uorganizador_id`
    FOREIGN KEY (`id_editor`)
    REFERENCES `pinchosdb`.`usuario_organizador` (`id`)
    ON DELETE RESTRICT
    ON UPDATE CASCADE)
ENGINE = InnoDB;


-- -----------------------------------------------------
-- Table `pinchosdb`.`pinchos`
-- -----------------------------------------------------
DROP TABLE IF EXISTS `pinchosdb`.`pinchos` ;

CREATE TABLE IF NOT EXISTS `pinchosdb`.`pinchos` (
  `id` VARCHAR(4) NOT NULL,
  `id_participante` VARCHAR(48) NOT NULL,
  `id_concurso` INT NOT NULL,
  `nombre` VARCHAR(32) NOT NULL,
  `descripcion` VARCHAR(512) NULL,
  `validado` ENUM('NO','YES','WAITING') NOT NULL DEFAULT 'WAITING',
  `validado_reason` VARCHAR(128) NULL,
  `validado_id_organizador` VARCHAR(48) NULL,
  PRIMARY KEY (`id`),
  INDEX `fk_uparticiante_idx` (`id_participante` ASC),
  INDEX `fk_pconcurso_id_idx` (`id_concurso` ASC),
  INDEX `fk_porganizador_id_idx` (`validado_id_organizador` ASC),
  CONSTRAINT `fk_pinparticiante`
    FOREIGN KEY (`id_participante`)
    REFERENCES `pinchosdb`.`usuario_participante` (`id`)
    ON DELETE RESTRICT
    ON UPDATE CASCADE,
  CONSTRAINT `fk_pinconcurso_id`
    FOREIGN KEY (`id_concurso`)
    REFERENCES `pinchosdb`.`concursos` (`id`)
    ON DELETE CASCADE
    ON UPDATE CASCADE,
  CONSTRAINT `fk_pinorganizador_id`
    FOREIGN KEY (`validado_id_organizador`)
    REFERENCES `pinchosdb`.`usuario_organizador` (`id`)
    ON DELETE RESTRICT
    ON UPDATE CASCADE)
ENGINE = InnoDB;


-- -----------------------------------------------------
-- Table `pinchosdb`.`codigos_pincho`
-- -----------------------------------------------------
DROP TABLE IF EXISTS `pinchosdb`.`codigos_pincho` ;

CREATE TABLE IF NOT EXISTS `pinchosdb`.`codigos_pincho` (
  `codigo` VARCHAR(12) NOT NULL,
  `id_pincho` VARCHAR(4) NOT NULL,
  PRIMARY KEY (`codigo`),
  INDEX `fk_cppincho_id_idx` (`id_pincho` ASC),
  CONSTRAINT `fk_cppincho_id`
    FOREIGN KEY (`id_pincho`)
    REFERENCES `pinchosdb`.`pinchos` (`id`)
    ON DELETE CASCADE
    ON UPDATE CASCADE)
ENGINE = InnoDB;


-- -----------------------------------------------------
-- Table `pinchosdb`.`votos_populares`
-- -----------------------------------------------------
DROP TABLE IF EXISTS `pinchosdb`.`votos_populares` ;

CREATE TABLE IF NOT EXISTS `pinchosdb`.`votos_populares` (
  `id` INT NOT NULL,
  `id_jurado` VARCHAR(48) NOT NULL,
  `id_codigo_ganador` VARCHAR(12) NOT NULL,
  PRIMARY KEY (`id`),
  INDEX `fk_vppg_id_idx` (`id_codigo_ganador` ASC),
  INDEX `fk_vpusuario_id_idx` (`id_jurado` ASC),
  CONSTRAINT `fk_vpusuario_id`
    FOREIGN KEY (`id_jurado`)
    REFERENCES `pinchosdb`.`usuario_jurado_popular` (`id`)
    ON DELETE RESTRICT
    ON UPDATE CASCADE,
  CONSTRAINT `fk_vppg_id`
    FOREIGN KEY (`id_codigo_ganador`)
    REFERENCES `pinchosdb`.`codigos_pincho` (`codigo`)
    ON DELETE RESTRICT
    ON UPDATE CASCADE)
ENGINE = InnoDB;


-- -----------------------------------------------------
-- Table `pinchosdb`.`votos_profesionales`
-- -----------------------------------------------------
DROP TABLE IF EXISTS `pinchosdb`.`votos_profesionales` ;

CREATE TABLE IF NOT EXISTS `pinchosdb`.`votos_profesionales` (
  `id_jurado` VARCHAR(48) NOT NULL,
  `id_pincho` VARCHAR(4) NOT NULL,
  `nota` FLOAT NOT NULL,
  PRIMARY KEY (`id_jurado`, `id_pincho`),
  INDEX `fp_vpjp_id_idx` (`id_pincho` ASC),
  CONSTRAINT `fk_vpjespvp_id`
    FOREIGN KEY (`id_jurado`)
    REFERENCES `pinchosdb`.`usuario_jurado_profesional` (`id`)
    ON DELETE RESTRICT
    ON UPDATE CASCADE,
  CONSTRAINT `fp_vpjpvp_id`
    FOREIGN KEY (`id_pincho`)
    REFERENCES `pinchosdb`.`pinchos` (`id`)
    ON DELETE CASCADE
    ON UPDATE CASCADE)
ENGINE = InnoDB;


-- -----------------------------------------------------
-- Table `pinchosdb`.`codigos_votados`
-- -----------------------------------------------------
DROP TABLE IF EXISTS `pinchosdb`.`codigos_votados` ;

CREATE TABLE IF NOT EXISTS `pinchosdb`.`codigos_votados` (
  `id_voto` INT NOT NULL,
  `id_codigo` VARCHAR(12) NOT NULL,
  PRIMARY KEY (`id_voto`, `id_codigo`),
  INDEX `fk_cvcodigo_id_idx` (`id_codigo` ASC),
  CONSTRAINT `fk_cvcodigo_id`
    FOREIGN KEY (`id_codigo`)
    REFERENCES `pinchosdb`.`codigos_pincho` (`codigo`)
    ON DELETE RESTRICT
    ON UPDATE CASCADE,
  CONSTRAINT `fk_cvvoto_id`
    FOREIGN KEY (`id_voto`)
    REFERENCES `pinchosdb`.`votos_populares` (`id`)
    ON DELETE CASCADE
    ON UPDATE CASCADE)
ENGINE = InnoDB;

SET SQL_MODE = '';
GRANT USAGE ON *.* TO testuser;
 DROP USER testuser;
SET SQL_MODE='TRADITIONAL,ALLOW_INVALID_DATES';
CREATE USER 'testuser' IDENTIFIED BY 'testpass';

GRANT ALL ON `pinchosdb`.* TO 'testuser';
GRANT SELECT ON TABLE `pinchosdb`.* TO 'testuser';
GRANT SELECT, INSERT, TRIGGER ON TABLE `pinchosdb`.* TO 'testuser';
GRANT SELECT, INSERT, TRIGGER, UPDATE, DELETE ON TABLE `pinchosdb`.* TO 'testuser';

SET SQL_MODE=@OLD_SQL_MODE;
SET FOREIGN_KEY_CHECKS=@OLD_FOREIGN_KEY_CHECKS;
SET UNIQUE_CHECKS=@OLD_UNIQUE_CHECKS;

-- -----------------------------------------------------
-- Data for table `pinchosdb`.`usuario`
-- -----------------------------------------------------
START TRANSACTION;
USE `pinchosdb`;
INSERT INTO `pinchosdb`.`usuario` (`email`, `password`) VALUES ('juradopopular@example.com', '22962d6e876654e53fa3a4f184a09a8910594426');
INSERT INTO `pinchosdb`.`usuario` (`email`, `password`) VALUES ('juradoprofesional@example.com', '54efd392fc311da54d8a1eae295dde634b6bf010');
INSERT INTO `pinchosdb`.`usuario` (`email`, `password`) VALUES ('participante@example.com', '55f91204b87ed8cd546ba229a41bf60e97a9729f');
INSERT INTO `pinchosdb`.`usuario` (`email`, `password`) VALUES ('organizador@example.com', '4e9effbb7c85fee86c41cd393f33c55b9c8dff84');
INSERT INTO `pinchosdb`.`usuario` (`email`, `password`) VALUES ('barito@gmail.com', 'd99c435cfc918d6abfdac09097ac624d6c04f0e7');
INSERT INTO `pinchosdb`.`usuario` (`email`, `password`) VALUES ('barato@outlook.com', '33e8c86f3960ecf8c9d956ea626e6921b317d14b');
INSERT INTO `pinchosdb`.`usuario` (`email`, `password`) VALUES ('bartito@mail.com', '57280fc84c64a0b0963a2005f41d1e99625511ac');
INSERT INTO `pinchosdb`.`usuario` (`email`, `password`) VALUES ('bartato@mail.com', '46b5deeb9e28e902a880d96a55d57d7e76c82c41');

COMMIT;


-- -----------------------------------------------------
-- Data for table `pinchosdb`.`usuario_participante`
-- -----------------------------------------------------
START TRANSACTION;
USE `pinchosdb`;
INSERT INTO `pinchosdb`.`usuario_participante` (`id`, `nombre`, `direccion`) VALUES ('participante@example.com', 'Tasca Paco', 'Calle Falsa, 123 - Ourense');
INSERT INTO `pinchosdb`.`usuario_participante` (`id`, `nombre`, `direccion`) VALUES ('barito@gmail.com', 'Bar Ito', 'Avenida Progreso, 16 - Ourense');
INSERT INTO `pinchosdb`.`usuario_participante` (`id`, `nombre`, `direccion`) VALUES ('barato@outlook.com', 'Bar Ato', 'Casco Antiguo, 37 - Ourense');
INSERT INTO `pinchosdb`.`usuario_participante` (`id`, `nombre`, `direccion`) VALUES ('bartito@mail.com', 'Bar Tito', 'Calle Falsa, 124 - Ourense');
INSERT INTO `pinchosdb`.`usuario_participante` (`id`, `nombre`, `direccion`) VALUES ('bartato@mail.com', 'Bar Tato Barato', 'Calle Falsa, 125 - Ourense');

COMMIT;


-- -----------------------------------------------------
-- Data for table `pinchosdb`.`usuario_jurado_popular`
-- -----------------------------------------------------
START TRANSACTION;
USE `pinchosdb`;
INSERT INTO `pinchosdb`.`usuario_jurado_popular` (`id`) VALUES ('juradopopular@example.com');

COMMIT;


-- -----------------------------------------------------
-- Data for table `pinchosdb`.`usuario_jurado_profesional`
-- -----------------------------------------------------
START TRANSACTION;
USE `pinchosdb`;
INSERT INTO `pinchosdb`.`usuario_jurado_profesional` (`id`, `nombre`, `apellidos`) VALUES ('juradoprofesional@example.com', 'Jurado', 'Profesional');

COMMIT;


-- -----------------------------------------------------
-- Data for table `pinchosdb`.`usuario_organizador`
-- -----------------------------------------------------
START TRANSACTION;
USE `pinchosdb`;
INSERT INTO `pinchosdb`.`usuario_organizador` (`id`, `nombre`, `apellidos`) VALUES ('organizador@example.com', 'Manolo', 'Cabezolo');

COMMIT;


-- -----------------------------------------------------
-- Data for table `pinchosdb`.`concursos`
-- -----------------------------------------------------
START TRANSACTION;
USE `pinchosdb`;
INSERT INTO `pinchosdb`.`concursos` (`id`, `nombre`, `fecha`, `descripcion`, `bases`) VALUES (1, 'IX Concurso de Pinchos de Ourense', '16-12-2014', '<p>El IX Concurso de Tapas de Ourense se desarrollará del 16 al 30 de diciembre, ambos inclusive.</p>', '<p>El concurso esta sujeto a las siguientes bases:</p><p><ul><li>Cada cliente debe reunir 3 codigos (Se entregará un codigo por cada pincho consumido) para poder votar a través de la web.</li><li>Los locales deben abrir un minimo de 6 horas el dia del concurso.</li><li>...</li></ul></p>');

COMMIT;


-- -----------------------------------------------------
-- Data for table `pinchosdb`.`agenda`
-- -----------------------------------------------------
START TRANSACTION;
USE `pinchosdb`;
INSERT INTO `pinchosdb`.`agenda` (`id`, `id_concurso`, `id_editor`, `nombre`, `descripcion`, `fecha_inicio`, `fecha_fin`) VALUES (1, 1, 'organizador@example.com', 'Inicio', 'Empieza el concurso', '17-12-2014', '15-10-2015');
INSERT INTO `pinchosdb`.`agenda` (`id`, `id_concurso`, `id_editor`, `nombre`, `descripcion`, `fecha_inicio`, `fecha_fin`) VALUES (2, 1, 'organizador@example.com', 'Entrega Premios', 'Se entregan los premios', '26-12-2014', '20-10-2015');
INSERT INTO `pinchosdb`.`agenda` (`id`, `id_concurso`, `id_editor`, `nombre`, `descripcion`, `fecha_inicio`, `fecha_fin`) VALUES (3, 1, 'organizador@example.com', 'Cata de pinchos', 'Cata gratuita de pinchos', '20-12-2014', '3-1-2015');

COMMIT;


-- -----------------------------------------------------
-- Data for table `pinchosdb`.`premios`
-- -----------------------------------------------------
START TRANSACTION;
USE `pinchosdb`;
INSERT INTO `pinchosdb`.`premios` (`id`, `id_concurso`, `id_editor`, `nombre`, `descripcion`, `ganador`) VALUES (1, 1, 'organizador@example.com', 'Mejor tapa', 'Premio a la mejor tapa en opinión de todos los votantes del concurso.', NULL);
INSERT INTO `pinchosdb`.`premios` (`id`, `id_concurso`, `id_editor`, `nombre`, `descripcion`, `ganador`) VALUES (2, 1, 'organizador@example.com', 'Tapa más económica', 'Premio a la tapa con un coste de elaboración más bajo', 'barito@gmail.com');

COMMIT;


-- -----------------------------------------------------
-- Data for table `pinchosdb`.`pinchos`
-- -----------------------------------------------------
START TRANSACTION;
USE `pinchosdb`;
INSERT INTO `pinchosdb`.`pinchos` (`id`, `id_participante`, `id_concurso`, `nombre`, `descripcion`, `validado`, `validado_reason`, `validado_id_organizador`) VALUES ('Pin', 'participante@example.com', 1, 'Deconstrucción de pincho de tortilla Española', 'Un nuevo concepto de tortilla sin huevo, ni patatas.', 'WAITING', NULL, NULL);
INSERT INTO `pinchosdb`.`pinchos` (`id`, `id_participante`, `id_concurso`, `nombre`, `descripcion`, `validado`, `validado_reason`, `validado_id_organizador`) VALUES ('Eje', 'barito@gmail.com', 1, 'Yogurt del supermercado', 'Como en el supermercado, pero mucho más caro.', 'YES', NULL, 'organizador@example.com');
INSERT INTO `pinchosdb`.`pinchos` (`id`, `id_participante`, `id_concurso`, `nombre`, `descripcion`, `validado`, `validado_reason`, `validado_id_organizador`) VALUES ('Tin', 'barato@outlook.com', 1, 'Bocata de atún', 'Es pequeño', 'NO', 'La descripción es poco explicativa.', 'organizador@example.com');
INSERT INTO `pinchosdb`.`pinchos` (`id`, `id_participante`, `id_concurso`, `nombre`, `descripcion`, `validado`, `validado_reason`, `validado_id_organizador`) VALUES ('Tta', 'bartito@mail.com', 1, 'Tomate de Tabulé', 'Fresco y refrescante tomate con guarnición.', 'YES', NULL, 'organizador@example.com');
INSERT INTO `pinchosdb`.`pinchos` (`id`, `id_participante`, `id_concurso`, `nombre`, `descripcion`, `validado`, `validado_reason`, `validado_id_organizador`) VALUES ('Ppc', 'bartato@mail.com', 1, 'Pavo con Piña al Caribe', 'Pinchos morunos de pavo y piña con especias exoticas.', 'YES', NULL, 'organizador@example.com');

COMMIT;


-- -----------------------------------------------------
-- Data for table `pinchosdb`.`codigos_pincho`
-- -----------------------------------------------------
START TRANSACTION;
USE `pinchosdb`;
INSERT INTO `pinchosdb`.`codigos_pincho` (`codigo`, `id_pincho`) VALUES ('EJE324323232', 'Eje');
INSERT INTO `pinchosdb`.`codigos_pincho` (`codigo`, `id_pincho`) VALUES ('EJE324324323', 'Eje');
INSERT INTO `pinchosdb`.`codigos_pincho` (`codigo`, `id_pincho`) VALUES ('EJE324327689', 'Eje');
INSERT INTO `pinchosdb`.`codigos_pincho` (`codigo`, `id_pincho`) VALUES ('EJE324324698', 'Eje');
INSERT INTO `pinchosdb`.`codigos_pincho` (`codigo`, `id_pincho`) VALUES ('TTA987534981', 'Tta');
INSERT INTO `pinchosdb`.`codigos_pincho` (`codigo`, `id_pincho`) VALUES ('PPC859485934', 'Ppc');

COMMIT;


-- -----------------------------------------------------
-- Data for table `pinchosdb`.`votos_populares`
-- -----------------------------------------------------
START TRANSACTION;
USE `pinchosdb`;
INSERT INTO `pinchosdb`.`votos_populares` (`id`, `id_jurado`, `id_codigo_ganador`) VALUES (1, 'juradopopular@example.com', 'TTA987534981');

COMMIT;


-- -----------------------------------------------------
-- Data for table `pinchosdb`.`votos_profesionales`
-- -----------------------------------------------------
START TRANSACTION;
USE `pinchosdb`;
INSERT INTO `pinchosdb`.`votos_profesionales` (`id_jurado`, `id_pincho`, `nota`) VALUES ('juradoprofesional@example.com', 'Eje', 0.5);

COMMIT;


-- -----------------------------------------------------
-- Data for table `pinchosdb`.`codigos_votados`
-- -----------------------------------------------------
START TRANSACTION;
USE `pinchosdb`;
INSERT INTO `pinchosdb`.`codigos_votados` (`id_voto`, `id_codigo`) VALUES (1, 'TTA987534981');
INSERT INTO `pinchosdb`.`codigos_votados` (`id_voto`, `id_codigo`) VALUES (1, 'PPC859485934');
INSERT INTO `pinchosdb`.`codigos_votados` (`id_voto`, `id_codigo`) VALUES (1, 'EJE324324698');

COMMIT;

